{
    "counter": {
        "ACTIVE": 19502,
        "INACTIVE": 1498,
        "INVALID": 0,
        "MALICIOUS": 0,
        "SANE": 0,
        "VALID": 0,
        "total": 21000
    },
    "percentage": {
        "ACTIVE": 92.86666666666666,
        "INACTIVE": 7.149675448644521,
        "INVALID": 0,
        "MALICIOUS": 0,
        "SANE": 0,
        "VALID": 0,
        "total": 100.01634211531118
    }
}