{
    "counter": {
        "ACTIVE": 18772,
        "INACTIVE": 2228,
        "INVALID": 0,
        "MALICIOUS": 0,
        "SANE": 0,
        "VALID": 0,
        "total": 21000
    },
    "percentage": {
        "ACTIVE": 89.39047619047619,
        "INACTIVE": 10.647550776583035,
        "INVALID": 0,
        "MALICIOUS": 0,
        "SANE": 0,
        "VALID": 0,
        "total": 100.03802696705922
    }
}