{
    "counter": {
        "ACTIVE": 19228,
        "INACTIVE": 1772,
        "INVALID": 0,
        "MALICIOUS": 0,
        "SANE": 0,
        "VALID": 0,
        "total": 21000
    },
    "percentage": {
        "ACTIVE": 91.56626506024097,
        "INACTIVE": 8.438095238095238,
        "INVALID": 0,
        "MALICIOUS": 0,
        "SANE": 0,
        "VALID": 0,
        "total": 100.00436029833621
    }
}