{
    "counter": {
        "ACTIVE": 19121,
        "INACTIVE": 1879,
        "INVALID": 0,
        "MALICIOUS": 0,
        "SANE": 0,
        "VALID": 0,
        "total": 21000
    },
    "percentage": {
        "ACTIVE": 91.05238095238096,
        "INACTIVE": 8.997749365512618,
        "INVALID": 0,
        "MALICIOUS": 0,
        "SANE": 0,
        "VALID": 0,
        "total": 100.05013031789358
    }
}