{
    "counter": {
        "ACTIVE": 15149,
        "INACTIVE": 5849,
        "INVALID": 2,
        "MALICIOUS": 0,
        "SANE": 0,
        "VALID": 0,
        "total": 21000
    },
    "percentage": {
        "ACTIVE": 72.14496618725593,
        "INACTIVE": 27.85238095238095,
        "INVALID": 0.009691800736576855,
        "MALICIOUS": 0,
        "SANE": 0,
        "VALID": 0,
        "total": 100.00703894037346
    }
}