{
    "counter": {
        "ACTIVE": 18021,
        "INACTIVE": 2979,
        "INVALID": 0,
        "MALICIOUS": 0,
        "SANE": 0,
        "VALID": 0,
        "total": 21000
    },
    "percentage": {
        "ACTIVE": 85.81428571428572,
        "INACTIVE": 14.189092641105026,
        "INVALID": 0,
        "MALICIOUS": 0,
        "SANE": 0,
        "VALID": 0,
        "total": 100.00337835539074
    }
}