{
    "counter": {
        "ACTIVE": 18850,
        "INACTIVE": 2150,
        "INVALID": 0,
        "MALICIOUS": 0,
        "SANE": 0,
        "VALID": 0,
        "total": 21000
    },
    "percentage": {
        "ACTIVE": 89.76190476190476,
        "INACTIVE": 10.28363705935811,
        "INVALID": 0,
        "MALICIOUS": 0,
        "SANE": 0,
        "VALID": 0,
        "total": 100.04554182126287
    }
}