{
    "counter": {
        "ACTIVE": 19305,
        "INACTIVE": 1695,
        "INVALID": 0,
        "MALICIOUS": 0,
        "SANE": 0,
        "VALID": 0,
        "total": 21000
    },
    "percentage": {
        "ACTIVE": 91.92857142857143,
        "INACTIVE": 8.116649906622612,
        "INVALID": 0,
        "MALICIOUS": 0,
        "SANE": 0,
        "VALID": 0,
        "total": 100.04522133519404
    }
}