{
    "counter": {
        "ACTIVE": 17368,
        "INACTIVE": 3631,
        "INVALID": 1,
        "MALICIOUS": 0,
        "SANE": 0,
        "VALID": 0,
        "total": 21000
    },
    "percentage": {
        "ACTIVE": 82.70476190476191,
        "INACTIVE": 17.352449223416965,
        "INVALID": 0.006378771448618996,
        "MALICIOUS": 0,
        "SANE": 0,
        "VALID": 0,
        "total": 100.0635898996275
    }
}